Block Range: 100 Blöcke (Blockhöhe 968925 bis 969024) | Avg Total Burn/Block: 356809 sats
Stacks Adresse,Theoretische Winrate_100 Bloecke,Avg Commits pro Block,Bitcoin Adresse
SP8K31HEZ92FXKSP5FBSNRE1RGVH570E80X4M1K2,22.29,0.8700,"""bc1qzyccvth6gnlv7d3t67dwrswyxuffcrjqumwcwv"""
SP30ZB6GC6D95BF9QV9CB43TZCAJ70SWYW08YZEZA,19.15,0.7400,"""bc1qc86e5rpn2f2m6d76tzeq7hmz53cx08hqw8uhl7"""
SPVYF6M3FD0738FWDGDMJ84EFMGM38JS0N7DE42K,15.85,0.6800,"""bc1qxlne4qmmgpc6rlrvrdyjprnay9q6ykg98gz2j3"""
SP1GW59G8T3F3SYNB3PY3KT73RPXH7H42HBCGR8M7,13.25,0.6700,"""bc1qv8p2vzxsmc7042cahsu73c79hvfufq52q9n69r"""
SP70B98HWSFY2M7JB6V6P563TR3JSBWW3S43GS8M,11.54,0.6700,"""12H9DtpmYh9XyCDE9kDYZ14KpgEAQwoZt1"""
SP32XP85GQ2SBKHQY1SMGGW42FPN041ZJ0ZC5CFQ5,10.06,0.7100,"""bc1qchdjpv9ck2uudlswdyy8pqna4gpq0us80vh3lh"""
SP28K1Q1DYG0PA25VSF1ZWBFMFD515XBHNF0RZ9DA,7.86,0.8500,"""bc1qv0kgszqj94v38tk702j4wtp0ldchzunxzzn3vx"""

Block Range: 200 Blöcke (Blockhöhe 968825 bis 969024) | Avg Total Burn/Block: 362565 sats
Stacks Adresse,Theoretische Winrate_200 Bloecke,Avg Commits pro Block,Bitcoin Adresse
SP8K31HEZ92FXKSP5FBSNRE1RGVH570E80X4M1K2,24.03,0.9050,"""bc1qzyccvth6gnlv7d3t67dwrswyxuffcrjqumwcwv"""
SP30ZB6GC6D95BF9QV9CB43TZCAJ70SWYW08YZEZA,18.28,0.7500,"""bc1qc86e5rpn2f2m6d76tzeq7hmz53cx08hqw8uhl7"""
SPVYF6M3FD0738FWDGDMJ84EFMGM38JS0N7DE42K,15.47,0.6950,"""bc1qxlne4qmmgpc6rlrvrdyjprnay9q6ykg98gz2j3"""
SP1GW59G8T3F3SYNB3PY3KT73RPXH7H42HBCGR8M7,13.39,0.6950,"""bc1qv8p2vzxsmc7042cahsu73c79hvfufq52q9n69r"""
SP70B98HWSFY2M7JB6V6P563TR3JSBWW3S43GS8M,11.64,0.6950,"""12H9DtpmYh9XyCDE9kDYZ14KpgEAQwoZt1"""
SP32XP85GQ2SBKHQY1SMGGW42FPN041ZJ0ZC5CFQ5,9.24,0.7200,"""bc1qchdjpv9ck2uudlswdyy8pqna4gpq0us80vh3lh"""
SP28K1Q1DYG0PA25VSF1ZWBFMFD515XBHNF0RZ9DA,7.96,0.8900,"""bc1qv0kgszqj94v38tk702j4wtp0ldchzunxzzn3vx"""

Block Range: 500 Blöcke (Blockhöhe 968525 bis 969024) | Avg Total Burn/Block: 358948 sats
Stacks Adresse,Theoretische Winrate_500 Bloecke,Avg Commits pro Block,Bitcoin Adresse
SP8K31HEZ92FXKSP5FBSNRE1RGVH570E80X4M1K2,25.11,0.8780,"""bc1qzyccvth6gnlv7d3t67dwrswyxuffcrjqumwcwv"""
SP30ZB6GC6D95BF9QV9CB43TZCAJ70SWYW08YZEZA,18.24,0.7280,"""bc1qc86e5rpn2f2m6d76tzeq7hmz53cx08hqw8uhl7"""
SPVYF6M3FD0738FWDGDMJ84EFMGM38JS0N7DE42K,14.77,0.6720,"""bc1qxlne4qmmgpc6rlrvrdyjprnay9q6ykg98gz2j3"""
SP1GW59G8T3F3SYNB3PY3KT73RPXH7H42HBCGR8M7,13.08,0.6680,"""bc1qv8p2vzxsmc7042cahsu73c79hvfufq52q9n69r"""
SP70B98HWSFY2M7JB6V6P563TR3JSBWW3S43GS8M,11.79,0.6760,"""12H9DtpmYh9XyCDE9kDYZ14KpgEAQwoZt1"""
SP28K1Q1DYG0PA25VSF1ZWBFMFD515XBHNF0RZ9DA,8.77,0.8420,"""bc1qv0kgszqj94v38tk702j4wtp0ldchzunxzzn3vx"""
SP32XP85GQ2SBKHQY1SMGGW42FPN041ZJ0ZC5CFQ5,8.24,0.7140,"""bc1qchdjpv9ck2uudlswdyy8pqna4gpq0us80vh3lh"""

Block Range: 1000 Blöcke (Blockhöhe 968025 bis 969024) | Avg Total Burn/Block: 365209 sats
Stacks Adresse,Theoretische Winrate_1000 Bloecke,Avg Commits pro Block,Bitcoin Adresse
SP8K31HEZ92FXKSP5FBSNRE1RGVH570E80X4M1K2,23.02,0.8140,"""bc1qzyccvth6gnlv7d3t67dwrswyxuffcrjqumwcwv"""
SP30ZB6GC6D95BF9QV9CB43TZCAJ70SWYW08YZEZA,17.95,0.6960,"""bc1qc86e5rpn2f2m6d76tzeq7hmz53cx08hqw8uhl7"""
SPVYF6M3FD0738FWDGDMJ84EFMGM38JS0N7DE42K,16.32,0.6910,"""bc1qxlne4qmmgpc6rlrvrdyjprnay9q6ykg98gz2j3"""
SP70B98HWSFY2M7JB6V6P563TR3JSBWW3S43GS8M,13.59,0.6930,"""12H9DtpmYh9XyCDE9kDYZ14KpgEAQwoZt1"""
SP1GW59G8T3F3SYNB3PY3KT73RPXH7H42HBCGR8M7,13.16,0.6880,"""bc1qv8p2vzxsmc7042cahsu73c79hvfufq52q9n69r"""
SP28K1Q1DYG0PA25VSF1ZWBFMFD515XBHNF0RZ9DA,9.19,0.5950,"""bc1qv0kgszqj94v38tk702j4wtp0ldchzunxzzn3vx"""
SP32XP85GQ2SBKHQY1SMGGW42FPN041ZJ0ZC5CFQ5,6.77,0.7220,"""bc1qchdjpv9ck2uudlswdyy8pqna4gpq0us80vh3lh"""

Block Range: 5000 Blöcke (Blockhöhe 964025 bis 969024) | Avg Total Burn/Block: 329155 sats
Stacks Adresse,Theoretische Winrate_5000 Bloecke,Avg Commits pro Block,Bitcoin Adresse
SP8K31HEZ92FXKSP5FBSNRE1RGVH570E80X4M1K2,23.90,0.7062,"""bc1qzyccvth6gnlv7d3t67dwrswyxuffcrjqumwcwv"""
SP30ZB6GC6D95BF9QV9CB43TZCAJ70SWYW08YZEZA,21.71,0.6776,"""bc1qc86e5rpn2f2m6d76tzeq7hmz53cx08hqw8uhl7"""
SPVYF6M3FD0738FWDGDMJ84EFMGM38JS0N7DE42K,18.41,0.6820,"""bc1qxlne4qmmgpc6rlrvrdyjprnay9q6ykg98gz2j3"""
SP70B98HWSFY2M7JB6V6P563TR3JSBWW3S43GS8M,16.02,0.6810,"""12H9DtpmYh9XyCDE9kDYZ14KpgEAQwoZt1"""
SP1GW59G8T3F3SYNB3PY3KT73RPXH7H42HBCGR8M7,15.98,0.6780,"""bc1qv8p2vzxsmc7042cahsu73c79hvfufq52q9n69r"""
SP28K1Q1DYG0PA25VSF1ZWBFMFD515XBHNF0RZ9DA,2.17,0.1190,"""bc1qv0kgszqj94v38tk702j4wtp0ldchzunxzzn3vx"""
SP32XP85GQ2SBKHQY1SMGGW42FPN041ZJ0ZC5CFQ5,1.80,0.1818,"""bc1qchdjpv9ck2uudlswdyy8pqna4gpq0us80vh3lh"""

