"--- BEREICH: 100 BLÖCKE (BTC 969291 bis 969391) | BTC $83735.0, STX $0.386677 ---"
BTC-Addr,STX-Addr,Commits,BTC-Total,STX-Gain,Profit $,Slot Win,Market Share,STX Share %,Multi-Blocks,Efficiency,Luck,Theo ROI,ROI
12H9DtpmYh9XyCDE9kDYZ14KpgEAQwoZt1,SP70B98HWSFY2M7JB6V6P563TR3JSBWW3S43GS8M,67,0.044226,18857.13,3588.32,10.72%,11.40%,17.79%,5,1.56,1.12,26.21%,96.90%
bc1qc86e5rpn2f2m6d76tzeq7hmz53cx08hqw8uhl7,SP30ZB6GC6D95BF9QV9CB43TZCAJ70SWYW08YZEZA,72,0.063447,22082.04,3225.90,17.95%,19.10%,20.83%,2,1.09,1.00,47.32%,60.72%
bc1qchdjpv9ck2uudlswdyy8pqna4gpq0us80vh3lh,SP32XP85GQ2SBKHQY1SMGGW42FPN041ZJ0ZC5CFQ5,70,0.049434,15918.56,2015.97,14.01%,14.90%,15.02%,4,1.01,0.79,47.56%,48.70%
bc1qxlne4qmmgpc6rlrvrdyjprnay9q6ykg98gz2j3,SPVYF6M3FD0738FWDGDMJ84EFMGM38JS0N7DE42K,67,0.057467,17979.26,2140.18,14.02%,14.91%,16.96%,3,1.14,1.00,27.01%,44.48%
bc1qv8p2vzxsmc7042cahsu73c79hvfufq52q9n69r,SP1GW59G8T3F3SYNB3PY3KT73RPXH7H42HBCGR8M7,68,0.051684,14761.47,1380.16,12.63%,13.44%,13.93%,6,1.04,0.63,27.28%,31.89%
bc1qzyccvth6gnlv7d3t67dwrswyxuffcrjqumwcwv,SP8K31HEZ92FXKSP5FBSNRE1RGVH570E80X4M1K2,91,0.046023,9287.08,-262.65,14.31%,15.22%,8.76%,1,0.58,0.56,61.92%,-6.82%
bc1qv0kgszqj94v38tk702j4wtp0ldchzunxzzn3vx,Unbekannt,85,0.030334,0.00,-2540.01,10.36%,11.02%,0.00%,0,0.00,0.00,77.87%,-100.00%
--- Metastack ---,Wins: 34/37.4,202,0.153377,51597.85,$7108.66,37.37%,Mkt: 39.8%,STX: 48.7%,14,Eff: 1.22,L: 0.91,Theo: 26.87%,55.35%
--- Gruppe: SP30 + SP8K ---,Wins: 26/32.3,163,0.109470,31369.13,$2963.25,32.26%,Mkt: 34.3%,STX: 29.6%,3,Eff: 0.86,L: 0.81,Theo: 53.46%,32.33%
STRATEGIE,Leere Blöcke: 6 / 100,Aktiv: 94.0%,,,Max Limit / Aktiv-Block:,Break-Even: 520724 Sats,ROI 5%: 495928 Sats,ROI 10%: 473386 Sats,ROI 15%: 452804 Sats,,,,

"--- BEREICH: 200 BLÖCKE (BTC 969191 bis 969391) | BTC $83735.0, STX $0.386677 ---"
BTC-Addr,STX-Addr,Commits,BTC-Total,STX-Gain,Profit $,Slot Win,Market Share,STX Share %,Multi-Blocks,Efficiency,Luck,Theo ROI,ROI
bc1qc86e5rpn2f2m6d76tzeq7hmz53cx08hqw8uhl7,SP30ZB6GC6D95BF9QV9CB43TZCAJ70SWYW08YZEZA,142,0.122315,47085.51,7964.84,17.14%,18.43%,22.35%,7,1.21,1.02,46.61%,77.77%
12H9DtpmYh9XyCDE9kDYZ14KpgEAQwoZt1,SP70B98HWSFY2M7JB6V6P563TR3JSBWW3S43GS8M,136,0.089601,33512.56,5455.81,10.84%,11.65%,15.91%,7,1.37,1.11,26.50%,72.72%
bc1qxlne4qmmgpc6rlrvrdyjprnay9q6ykg98gz2j3,SPVYF6M3FD0738FWDGDMJ84EFMGM38JS0N7DE42K,135,0.115673,40129.39,5831.26,14.11%,15.17%,19.05%,9,1.26,0.99,27.57%,60.20%
bc1qv8p2vzxsmc7042cahsu73c79hvfufq52q9n69r,SP1GW59G8T3F3SYNB3PY3KT73RPXH7H42HBCGR8M7,137,0.103883,28349.25,2263.34,12.65%,13.60%,13.46%,9,0.99,0.71,27.37%,26.02%
bc1qchdjpv9ck2uudlswdyy8pqna4gpq0us80vh3lh,SP32XP85GQ2SBKHQY1SMGGW42FPN041ZJ0ZC5CFQ5,138,0.097361,25269.10,1618.42,13.76%,14.80%,11.99%,4,0.81,0.73,47.83%,19.85%
bc1qzyccvth6gnlv7d3t67dwrswyxuffcrjqumwcwv,SP8K31HEZ92FXKSP5FBSNRE1RGVH570E80X4M1K2,179,0.093526,20850.39,231.01,14.44%,15.53%,9.90%,5,0.64,0.48,61.53%,2.95%
bc1qv0kgszqj94v38tk702j4wtp0ldchzunxzzn3vx,Unbekannt,173,0.061630,0.00,-5160.58,10.06%,10.82%,0.00%,0,0.00,0.00,70.82%,-100.00%
--- Metastack ---,Wins: 70/75.2,408,0.309157,101991.20,$13550.41,37.59%,Mkt: 40.4%,STX: 48.4%,25,Eff: 1.20,L: 0.93,Theo: 27.19%,52.34%
--- Gruppe: SP30 + SP8K ---,Wins: 49/63.2,321,0.215840,67935.90,$8195.85,31.59%,Mkt: 34.0%,STX: 32.2%,12,Eff: 0.95,L: 0.78,Theo: 53.08%,45.35%
STRATEGIE,Leere Blöcke: 14 / 200,Aktiv: 93.0%,,,Max Limit / Aktiv-Block:,Break-Even: 523030 Sats,ROI 5%: 498124 Sats,ROI 10%: 475482 Sats,ROI 15%: 454809 Sats,,,,

"--- BEREICH: 500 BLÖCKE (BTC 968891 bis 969391) | BTC $83735.0, STX $0.386677 ---"
BTC-Addr,STX-Addr,Commits,BTC-Total,STX-Gain,Profit $,Slot Win,Market Share,STX Share %,Multi-Blocks,Efficiency,Luck,Theo ROI,ROI
12H9DtpmYh9XyCDE9kDYZ14KpgEAQwoZt1,SP70B98HWSFY2M7JB6V6P563TR3JSBWW3S43GS8M,345,0.226971,76262.79,10483.67,11.10%,12.01%,14.66%,19,1.22,0.96,27.10%,55.16%
bc1qxlne4qmmgpc6rlrvrdyjprnay9q6ykg98gz2j3,SPVYF6M3FD0738FWDGDMJ84EFMGM38JS0N7DE42K,339,0.290231,92553.90,11485.99,14.30%,15.48%,17.80%,21,1.15,0.95,28.06%,47.26%
bc1qv8p2vzxsmc7042cahsu73c79hvfufq52q9n69r,SP1GW59G8T3F3SYNB3PY3KT73RPXH7H42HBCGR8M7,340,0.257323,81039.91,9789.32,12.50%,13.53%,15.58%,27,1.15,0.80,26.26%,45.43%
bc1qc86e5rpn2f2m6d76tzeq7hmz53cx08hqw8uhl7,SP30ZB6GC6D95BF9QV9CB43TZCAJ70SWYW08YZEZA,362,0.293805,88275.71,9532.42,17.07%,18.47%,16.97%,17,0.92,0.74,51.00%,38.75%
bc1qchdjpv9ck2uudlswdyy8pqna4gpq0us80vh3lh,SP32XP85GQ2SBKHQY1SMGGW42FPN041ZJ0ZC5CFQ5,352,0.224690,62804.02,5470.49,12.49%,13.51%,12.08%,11,0.89,0.77,44.45%,29.08%
bc1qzyccvth6gnlv7d3t67dwrswyxuffcrjqumwcwv,SP8K31HEZ92FXKSP5FBSNRE1RGVH570E80X4M1K2,443,0.282156,75634.93,5619.94,16.66%,18.03%,14.54%,15,0.81,0.68,53.47%,23.79%
bc1qv0kgszqj94v38tk702j4wtp0ldchzunxzzn3vx,Unbekannt,428,0.131241,0.00,-10989.47,8.28%,8.97%,0.00%,0,0.00,0.00,64.06%,-100.00%
--- Metastack ---,Wins: 171/189.5,1024,0.774525,249856.60,$31758.97,37.90%,Mkt: 41.0%,STX: 48.0%,67,Eff: 1.17,L: 0.90,Theo: 27.18%,48.97%
--- Gruppe: SP30 + SP8K ---,Wins: 120/168.6,805,0.575961,163910.64,$15152.36,33.73%,Mkt: 36.5%,STX: 31.5%,32,Eff: 0.86,L: 0.71,Theo: 52.21%,31.42%
STRATEGIE,Leere Blöcke: 38 / 500,Aktiv: 92.4%,,,Max Limit / Aktiv-Block:,Break-Even: 519830 Sats,ROI 5%: 495076 Sats,ROI 10%: 472572 Sats,ROI 15%: 452026 Sats,,,,

"--- BEREICH: 1000 BLÖCKE (BTC 968391 bis 969391) | BTC $83735.0, STX $0.386677 ---"
BTC-Addr,STX-Addr,Commits,BTC-Total,STX-Gain,Profit $,Slot Win,Market Share,STX Share %,Multi-Blocks,Efficiency,Luck,Theo ROI,ROI
12H9DtpmYh9XyCDE9kDYZ14KpgEAQwoZt1,SP70B98HWSFY2M7JB6V6P563TR3JSBWW3S43GS8M,689,0.453151,153488.51,21405.88,11.12%,12.11%,14.82%,40,1.22,0.96,27.80%,56.41%
bc1qzyccvth6gnlv7d3t67dwrswyxuffcrjqumwcwv,SP8K31HEZ92FXKSP5FBSNRE1RGVH570E80X4M1K2,880,0.659409,204860.34,23999.19,19.46%,21.20%,19.78%,32,0.93,0.82,53.70%,43.46%
bc1qchdjpv9ck2uudlswdyy8pqna4gpq0us80vh3lh,SP32XP85GQ2SBKHQY1SMGGW42FPN041ZJ0ZC5CFQ5,722,0.333753,103501.21,12074.70,9.40%,10.24%,10.00%,20,0.98,0.82,46.68%,43.21%
bc1qc86e5rpn2f2m6d76tzeq7hmz53cx08hqw8uhl7,SP30ZB6GC6D95BF9QV9CB43TZCAJ70SWYW08YZEZA,733,0.583078,178443.58,20175.98,16.72%,18.21%,17.23%,37,0.95,0.77,49.35%,41.32%
bc1qv8p2vzxsmc7042cahsu73c79hvfufq52q9n69r,SP1GW59G8T3F3SYNB3PY3KT73RPXH7H42HBCGR8M7,678,0.486974,148723.31,16731.14,11.90%,12.97%,14.36%,45,1.11,0.81,27.30%,41.03%
bc1qxlne4qmmgpc6rlrvrdyjprnay9q6ykg98gz2j3,SPVYF6M3FD0738FWDGDMJ84EFMGM38JS0N7DE42K,680,0.558761,159917.43,15048.52,13.76%,14.99%,15.44%,33,1.03,0.86,28.26%,32.16%
bc1qv0kgszqj94v38tk702j4wtp0ldchzunxzzn3vx,Unbekannt,845,0.315522,0.00,-26420.26,9.44%,10.29%,0.00%,0,0.00,0.00,55.91%,-100.00%
--- Metastack ---,Wins: 323/367.8,2047,1.498886,462129.25,$53185.53,36.78%,Mkt: 40.1%,STX: 44.6%,118,Eff: 1.11,L: 0.88,Theo: 27.81%,42.38%
--- Gruppe: SP30 + SP8K ---,Wins: 288/361.8,1613,1.242487,383303.93,$44175.17,36.18%,Mkt: 39.4%,STX: 37.0%,69,Eff: 0.94,L: 0.80,Theo: 51.66%,42.46%
STRATEGIE,Leere Blöcke: 82 / 1000,Aktiv: 91.8%,,,Max Limit / Aktiv-Block:,Break-Even: 520863 Sats,ROI 5%: 496060 Sats,ROI 10%: 473511 Sats,ROI 15%: 452924 Sats,,,,

"--- BEREICH: 5000 BLÖCKE (BTC 964391 bis 969391) | BTC $83735.0, STX $0.386677 ---"
BTC-Addr,STX-Addr,Commits,BTC-Total,STX-Gain,Profit $,Slot Win,Market Share,STX Share %,Multi-Blocks,Efficiency,Luck,Theo ROI,ROI
bc1qc86e5rpn2f2m6d76tzeq7hmz53cx08hqw8uhl7,SP30ZB6GC6D95BF9QV9CB43TZCAJ70SWYW08YZEZA,3382,2.603234,1190606.10,242398.17,15.71%,21.40%,23.04%,350,1.08,0.99,96.19%,111.20%
12H9DtpmYh9XyCDE9kDYZ14KpgEAQwoZt1,SP70B98HWSFY2M7JB6V6P563TR3JSBWW3S43GS8M,3382,1.965983,833582.88,157705.77,11.44%,15.59%,16.13%,250,1.03,0.95,89.24%,95.80%
bc1qzyccvth6gnlv7d3t67dwrswyxuffcrjqumwcwv,SP8K31HEZ92FXKSP5FBSNRE1RGVH570E80X4M1K2,3585,2.784872,1146039.99,209956.06,16.97%,23.12%,22.17%,299,0.96,0.93,98.16%,90.04%
bc1qv8p2vzxsmc7042cahsu73c79hvfufq52q9n69r,SP1GW59G8T3F3SYNB3PY3KT73RPXH7H42HBCGR8M7,3363,1.977813,810362.51,147736.41,11.46%,15.61%,15.68%,243,1.00,0.93,88.34%,89.21%
bc1qxlne4qmmgpc6rlrvrdyjprnay9q6ykg98gz2j3,SPVYF6M3FD0738FWDGDMJ84EFMGM38JS0N7DE42K,3381,2.293489,938460.37,170835.71,13.30%,18.12%,18.16%,266,1.00,0.93,88.61%,88.96%
bc1qchdjpv9ck2uudlswdyy8pqna4gpq0us80vh3lh,SP32XP85GQ2SBKHQY1SMGGW42FPN041ZJ0ZC5CFQ5,1166,0.413439,149748.60,23284.99,2.31%,3.15%,2.90%,35,0.92,0.91,81.83%,67.26%
bc1qv0kgszqj94v38tk702j4wtp0ldchzunxzzn3vx,Unbekannt,908,0.371203,0.00,-31082.71,2.21%,3.01%,0.00%,0,0.00,0.00,93.34%,-100.00%
--- Metastack ---,Wins: 1696/1810.1,10126,6.237284,2582405.75,$476277.89,36.20%,Mkt: 49.3%,STX: 50.0%,759,Eff: 1.01,L: 0.94,Theo: 88.72%,91.19%
--- Gruppe: SP30 + SP8K ---,Wins: 1570/1634.0,6967,5.388106,2336646.09,$452354.23,32.68%,Mkt: 44.5%,STX: 45.2%,649,Eff: 1.02,L: 0.96,Theo: 97.21%,100.26%
STRATEGIE,Leere Blöcke: 1330 / 5000,Aktiv: 73.4%,,,Max Limit / Aktiv-Block:,Break-Even: 650306 Sats,ROI 5%: 619339 Sats,ROI 10%: 591187 Sats,ROI 15%: 565484 Sats,,,,

"--- BEREICH: 10000 BLÖCKE (BTC 959391 bis 969391) | BTC $83735.0, STX $0.386677 ---"
BTC-Addr,STX-Addr,Commits,BTC-Total,STX-Gain,Profit $,Slot Win,Market Share,STX Share %,Multi-Blocks,Efficiency,Luck,Theo ROI,ROI
bc1qc86e5rpn2f2m6d76tzeq7hmz53cx08hqw8uhl7,SP30ZB6GC6D95BF9QV9CB43TZCAJ70SWYW08YZEZA,6761,4.346914,2223432.17,495761.20,15.83%,21.68%,22.55%,656,1.04,0.97,127.09%,136.20%
bc1qzyccvth6gnlv7d3t67dwrswyxuffcrjqumwcwv,SP8K31HEZ92FXKSP5FBSNRE1RGVH570E80X4M1K2,7042,4.628891,2340386.86,517373.55,17.03%,23.32%,23.74%,659,1.02,0.98,129.42%,133.48%
12H9DtpmYh9XyCDE9kDYZ14KpgEAQwoZt1,SP70B98HWSFY2M7JB6V6P563TR3JSBWW3S43GS8M,6822,3.354874,1692684.03,373601.58,12.20%,16.71%,17.17%,504,1.03,0.96,126.78%,132.99%
bc1qxlne4qmmgpc6rlrvrdyjprnay9q6ykg98gz2j3,SPVYF6M3FD0738FWDGDMJ84EFMGM38JS0N7DE42K,6853,3.751145,1785521.89,376318.16,13.44%,18.41%,18.11%,532,0.98,0.92,123.42%,119.81%
bc1qv8p2vzxsmc7042cahsu73c79hvfufq52q9n69r,SP1GW59G8T3F3SYNB3PY3KT73RPXH7H42HBCGR8M7,6851,3.368524,1568971.03,324621.66,12.26%,16.79%,15.91%,466,0.95,0.90,126.91%,115.09%
bc1qchdjpv9ck2uudlswdyy8pqna4gpq0us80vh3lh,SP32XP85GQ2SBKHQY1SMGGW42FPN041ZJ0ZC5CFQ5,1166,0.413439,149748.60,23284.99,1.16%,1.58%,1.52%,35,0.96,0.91,74.38%,67.26%
bc1qv0kgszqj94v38tk702j4wtp0ldchzunxzzn3vx,Unbekannt,908,0.371203,0.00,-31082.71,1.10%,1.51%,0.00%,0,0.00,0.00,85.42%,-100.00%
--- Metastack ---,Wins: 3517/3789.4,20526,10.474543,5047176.95,$1074541.40,37.89%,Mkt: 51.9%,STX: 51.2%,1502,Eff: 0.99,L: 0.93,Theo: 125.62%,122.51%
--- Gruppe: SP30 + SP8K ---,Wins: 3205/3285.7,13803,8.975806,4563819.03,$1013134.74,32.86%,Mkt: 45.0%,STX: 46.3%,1315,Eff: 1.03,L: 0.98,Theo: 128.29%,134.80%
STRATEGIE,Leere Blöcke: 2699 / 10000,Aktiv: 73.0%,,,Max Limit / Aktiv-Block:,Break-Even: 623654 Sats,ROI 5%: 593956 Sats,ROI 10%: 566958 Sats,ROI 15%: 542308 Sats,,,,

"--- BEREICH: 20000 BLÖCKE (BTC 949391 bis 969391) | BTC $83735.0, STX $0.386677 ---"
BTC-Addr,STX-Addr,Commits,BTC-Total,STX-Gain,Profit $,Slot Win,Market Share,STX Share %,Multi-Blocks,Efficiency,Luck,Theo ROI,ROI
bc1qzyccvth6gnlv7d3t67dwrswyxuffcrjqumwcwv,SP8K31HEZ92FXKSP5FBSNRE1RGVH570E80X4M1K2,15185,7.216299,3298401.66,671159.26,16.67%,20.29%,21.97%,938,1.08,0.97,94.96%,111.07%
bc1qc86e5rpn2f2m6d76tzeq7hmz53cx08hqw8uhl7,SP30ZB6GC6D95BF9QV9CB43TZCAJ70SWYW08YZEZA,14179,7.372626,3334551.13,672047.39,17.25%,21.00%,22.21%,1031,1.06,0.95,97.47%,108.86%
12H9DtpmYh9XyCDE9kDYZ14KpgEAQwoZt1,SP70B98HWSFY2M7JB6V6P563TR3JSBWW3S43GS8M,15474,6.009704,2639817.67,517534.17,14.61%,17.79%,17.58%,796,0.99,0.93,105.30%,102.84%
bc1qxlne4qmmgpc6rlrvrdyjprnay9q6ykg98gz2j3,SPVYF6M3FD0738FWDGDMJ84EFMGM38JS0N7DE42K,15057,6.708129,2771142.81,509831.98,15.87%,19.32%,18.45%,893,0.95,0.87,99.76%,90.77%
bc1qv8p2vzxsmc7042cahsu73c79hvfufq52q9n69r,SP1GW59G8T3F3SYNB3PY3KT73RPXH7H42HBCGR8M7,14895,6.108462,2513780.10,460528.86,14.53%,17.69%,16.74%,752,0.95,0.90,100.86%,90.04%
bc1qchdjpv9ck2uudlswdyy8pqna4gpq0us80vh3lh,SP32XP85GQ2SBKHQY1SMGGW42FPN041ZJ0ZC5CFQ5,4865,0.890596,320708.55,49436.58,2.25%,2.74%,2.14%,91,0.78,0.83,113.63%,66.29%
14AUg5fvNeoJmhLm7mvBcNsrxVB8xgrczq,SPHB6E6GNWH55X9PZ3KNYMCEKTVP7YP60A0GBKPK,469,0.144736,38485.74,2762.11,0.40%,0.49%,0.26%,6,0.52,0.86,133.97%,22.79%
1111111111111111111114oLvT2,Unbekannt,2,0.000477,0.00,-39.93,0.00%,0.00%,0.00%,0,0.00,0.00,51.76%,-100.00%
bc1q95n3zx5da24vnhdjykd37yhsuzm3amvmjzhf4e,Unbekannt,2,0.000415,0.00,-34.77,0.00%,0.00%,0.00%,0,0.00,0.00,89.14%,-100.00%
bc1qv0kgszqj94v38tk702j4wtp0ldchzunxzzn3vx,Unbekannt,908,0.371203,0.00,-31082.71,0.55%,0.67%,0.00%,0,0.00,0.00,25.50%,-100.00%
--- Metastack ---,Wins: 8093/9004.2,45426,18.826296,7924740.57,$1487895.01,45.02%,Mkt: 54.8%,STX: 52.8%,2441,Eff: 0.96,L: 0.90,Theo: 101.88%,94.38%
--- Gruppe: SP30 + SP8K ---,Wins: 6498/6782.1,29364,14.588925,6632952.79,$1343206.65,33.91%,Mkt: 41.3%,STX: 44.2%,1969,Eff: 1.07,L: 0.96,Theo: 96.23%,109.95%
STRATEGIE,Leere Blöcke: 3572 / 20000,Aktiv: 82.1%,,,Max Limit / Aktiv-Block:,Break-Even: 422104 Sats,ROI 5%: 402004 Sats,ROI 10%: 383731 Sats,ROI 15%: 367047 Sats,,,,

